id,day,pressure,humidity,cloud,sunshine,winddirection,windspeed,Temp_unificada
2190,1,1019.5,96.0,99.0,0.0,50.0,24.3,-2.6100111258959613
2191,2,1016.5,97.0,99.0,0.0,50.0,35.3,-2.611185634157395
2192,3,1023.9,86.0,96.0,0.0,40.0,16.9,-4.960046489787705
2193,4,1022.9,75.0,45.0,7.1,20.0,50.6,-2.1859297629149994
2194,5,1022.2,68.0,49.0,9.2,20.0,19.4,-4.461136160537995
2195,6,1027.1,76.0,94.0,0.0,20.0,41.4,-3.8505169083954973
2196,7,1022.6,79.0,95.0,0.0,20.0,43.1,-3.9434944313934177
2197,8,1013.5,94.0,93.0,0.2,70.0,41.3,-2.7678194365446243
2198,9,1021.3,85.0,99.0,0.1,20.0,34.0,-3.7497455432936864
2199,10,1026.1,69.0,88.0,0.0,20.0,26.4,-5.516074432518261
2200,11,1017.5,95.0,100.0,0.0,50.0,29.0,-2.75268655584452
2201,12,1021.5,70.0,49.0,9.7,20.0,33.4,-3.731586375631572
2202,13,1019.0,95.0,100.0,0.0,40.0,41.3,-3.182898946058011
2203,14,1012.5,97.0,86.0,0.0,50.0,24.4,-3.316300621101534
2204,15,1023.4,71.0,70.0,5.1,10.0,11.0,-5.983158846084154
2205,16,1022.7,59.0,19.0,9.9,40.0,29.8,-3.968242637201602
2206,17,1025.2,90.0,91.0,0.6,60.0,30.2,-4.88153840856551
2207,18,1024.1,77.0,82.0,0.0,20.0,16.7,-4.036802743876167
2208,19,1025.4,70.0,49.0,10.2,30.0,28.6,-3.2658110195652847
2209,20,1024.1,52.0,19.0,9.1,20.0,32.2,-4.141346027642111
2210,21,1032.2,76.0,51.0,9.0,20.0,19.6,-3.1600794271408597
2211,22,1024.1,72.0,49.0,5.6,40.0,15.4,-3.025094501593674
2212,23,1025.9,78.0,86.0,0.6,20.0,9.2,-1.897119696428621
2213,24,1014.3,97.0,92.0,0.0,50.0,40.0,-0.8595028334178789
2214,25,1012.5,87.0,80.0,3.5,60.0,40.0,-0.4260057599250952
2215,26,1012.5,75.0,66.0,6.0,70.0,9.1,-0.7259150281149864
2216,27,1013.5,58.0,19.0,8.2,20.0,28.5,-1.7272489368002266
2217,28,1012.5,92.0,93.0,0.0,70.0,37.0,-1.269255383562047
2218,29,1013.9,90.0,81.0,1.5,70.0,33.0,-1.0042668872822942
2219,30,1018.0,78.0,68.0,6.3,80.0,17.5,-1.0508195888848406
2220,31,1015.2,90.0,88.0,0.2,20.0,12.5,-1.3986574721559115
2221,32,1013.9,91.0,87.0,0.0,40.0,15.3,-1.4069298448843592
2222,33,1014.9,84.0,83.0,3.4,40.0,17.2,-1.671676686872551
2223,34,1022.2,95.0,93.0,0.0,20.0,29.8,-2.2982976767104906
2224,35,1017.5,82.0,78.0,0.8,40.0,14.2,-0.7819776710593881
2225,36,1014.9,80.0,88.0,0.2,70.0,21.6,-3.286947391627088
2226,37,1014.4,76.0,48.0,5.9,40.0,21.5,-0.7251443541860485
2227,38,1015.9,79.0,94.0,0.7,40.0,21.9,-2.8093464999066335
2228,39,1021.4,75.0,85.0,1.0,50.0,21.8,-2.7137294690348517
2229,40,1016.8,83.0,81.0,0.7,70.0,42.0,-1.806321723160767
2230,41,1013.4,77.0,85.0,2.5,70.0,33.5,-0.5811329055569974
2231,42,1014.5,83.0,81.0,1.3,40.0,21.4,-0.8421363634561778
2232,43,1022.6,76.0,47.0,9.3,20.0,29.0,-2.3197690886118925
2233,44,1017.5,77.0,93.0,0.0,20.0,26.1,-2.5288691317642846
2234,45,1022.7,92.0,92.0,0.2,50.0,18.6,-3.3880601998223066
2235,46,1021.0,76.0,53.0,10.5,60.0,21.5,-1.7800927788292364
2236,47,1013.8,79.0,49.0,9.1,50.0,41.3,-2.9206429889239365
2237,48,1017.1,94.0,93.0,0.2,50.0,28.8,-2.28187245975321
2238,49,1020.4,78.0,59.0,9.0,40.0,27.3,-2.319078726722688
2239,50,1022.5,75.0,83.0,0.0,60.0,33.2,-2.721839899732364
2240,51,1018.4,86.0,100.0,0.0,20.0,34.3,-4.233915683179474
2241,52,1014.4,90.0,100.0,0.0,60.0,27.3,-1.927824396933992
2242,53,1017.0,95.0,100.0,0.1,40.0,26.4,-2.6435383177460934
2243,54,1018.4,95.0,95.0,0.0,20.0,27.9,-3.584153943698216
2244,55,1014.9,95.0,91.0,0.0,60.0,37.9,-1.9574368397315334
2245,56,1019.2,97.0,93.0,0.4,40.0,31.2,-1.5761906534967358
2246,57,1012.3,85.0,93.0,0.1,70.0,19.8,-3.565929168674766
2247,58,1018.8,97.0,79.0,0.0,70.0,23.3,-1.0241745832180027
2248,59,1012.7,79.0,88.0,0.0,40.0,30.6,-1.0396558805447549
2249,60,1012.0,92.0,88.0,0.0,50.0,15.5,-1.1760476162695637
2250,61,1021.4,91.0,88.0,4.7,20.0,25.0,-2.3138786444458375
2251,62,1017.9,94.0,91.0,0.0,40.0,28.6,-2.5696990075967765
2252,63,1019.3,95.0,91.0,0.0,40.0,16.0,-1.1773329494938232
2253,64,1020.9,78.0,86.0,0.6,20.0,25.2,-2.423022544913961
2254,65,1012.3,70.0,69.0,3.4,40.0,30.6,-1.2453942923932977
2255,66,1023.1,63.0,73.0,9.2,70.0,17.2,-3.1697889843024676
2256,67,1019.7,76.0,43.0,10.0,60.0,19.3,-2.331221763968211
2257,68,1016.4,76.0,81.0,0.3,40.0,35.6,-1.1789466818028633
2258,69,1014.2,87.0,79.0,1.5,40.0,14.6,-1.4756343270654355
2259,70,1020.1,70.0,29.0,3.9,30.0,6.1,-2.026822417478483
2260,71,1015.2,95.0,100.0,0.0,50.0,29.3,-2.546242950318739
2261,72,1022.5,75.0,90.0,0.0,70.0,33.0,-1.788284622291246
2262,73,1017.1,91.0,84.0,0.0,40.0,9.8,-0.5535475910011898
2263,74,1013.9,92.0,88.0,1.2,40.0,20.5,-0.3610090353314147
2264,75,1017.4,92.0,88.0,0.0,80.0,25.2,-0.5166718002979168
2265,76,1021.4,84.0,88.0,1.2,40.0,39.5,-0.9751041639135836
2266,77,1012.5,91.0,79.0,0.3,80.0,16.9,-0.0694235729982412
2267,78,1013.4,97.0,88.0,0.6,20.0,33.2,0.24922192210455751
2268,79,1023.8,73.0,60.0,7.7,70.0,14.7,0.4173986756002384
2269,80,1010.5,91.0,88.0,0.1,70.0,28.4,-2.6442271062410625
2270,81,1009.4,90.0,82.0,1.2,50.0,12.1,0.3422589242125696
2271,82,1010.3,92.0,88.0,0.2,70.0,39.7,0.028091761792650768
2272,83,1011.4,79.0,51.0,7.7,40.0,14.5,-0.5898217516728324
2273,84,1011.2,94.0,84.0,2.1,30.0,11.3,-0.7582047119691043
2274,85,1009.9,92.0,81.0,0.0,50.0,16.3,-0.3750819295265115
2275,86,1013.4,95.0,83.0,0.0,40.0,19.0,-0.15912498914402223
2276,87,1011.4,90.0,85.0,1.8,70.0,30.0,0.2662994250500255
2277,88,1013.0,86.0,83.0,3.9,70.0,24.4,0.2769152280533457
2278,89,1013.3,92.0,88.0,0.9,40.0,19.8,-0.23694826644882538
2279,90,1013.4,93.0,84.0,1.2,30.0,20.0,0.23957313372832784
2280,91,1010.2,90.0,83.0,3.5,210.0,14.5,0.6043823191728267
2281,92,1013.5,91.0,85.0,1.4,80.0,26.5,0.7169658714179374
2282,93,1013.0,91.0,83.0,0.0,70.0,14.2,0.009451113160921792
2283,94,1015.6,87.0,88.0,2.2,50.0,10.9,0.36825378756488747
2284,95,1012.3,86.0,88.0,0.2,200.0,13.3,-0.066053049207079
2285,96,1014.6,86.0,87.0,0.3,70.0,25.0,0.9703916266085009
2286,97,1009.5,89.0,88.0,0.3,220.0,30.3,1.1769562277017884
2287,98,1008.2,90.0,83.0,4.8,230.0,13.9,0.6537284853157411
2288,99,1011.3,81.0,86.0,2.9,40.0,7.4,0.47219449718374995
2289,100,1011.1,85.0,73.0,5.8,60.0,28.9,0.5646987713028667
2290,101,1008.5,89.0,88.0,1.6,50.0,29.3,1.0853262812742865
2291,102,1011.7,86.0,83.0,3.9,200.0,13.0,0.9116065561237496
2292,103,1011.4,84.0,70.0,3.0,220.0,14.3,1.0835320049538717
2293,104,1008.3,87.0,88.0,0.3,300.0,21.9,0.9186009147210153
2294,105,1008.9,79.0,88.0,3.3,220.0,26.2,0.7927769423861104
2295,106,1008.2,90.0,84.0,4.9,200.0,16.5,1.465937247099668
2296,107,1008.2,89.0,85.0,0.6,220.0,10.2,1.3412035852423394
2297,108,1008.5,79.0,82.0,2.4,70.0,20.0,1.6784632109657767
2298,109,1011.3,91.0,90.0,1.4,200.0,20.9,1.2304166303839168
2299,110,1012.2,82.0,79.0,1.6,80.0,30.4,0.6315804425884064
2300,111,1008.2,87.0,84.0,2.4,60.0,27.3,1.6387874831345488
2301,112,1010.3,78.0,74.0,5.5,220.0,15.4,1.0813026249894475
2302,113,1010.5,75.0,81.0,3.3,80.0,11.9,0.9863241785422588
2303,114,1009.9,89.0,88.0,0.3,200.0,24.4,0.980064356486783
2304,115,1009.8,87.0,84.0,1.2,200.0,22.0,1.0678083634393796
2305,116,1009.8,91.0,78.0,2.1,20.0,11.8,0.6891141145630261
2306,117,1012.5,87.0,88.0,0.5,30.0,12.5,0.61251179217904
2307,118,1012.0,81.0,84.0,3.2,70.0,11.8,0.7462686413792397
2308,119,1011.4,82.0,81.0,1.2,80.0,22.1,0.5543114825905616
2309,120,1007.9,82.0,88.0,3.1,220.0,12.5,1.2684225685870485
2310,121,1005.9,78.0,67.0,8.5,230.0,39.3,0.722956704164947
2311,122,1013.7,77.0,83.0,2.9,50.0,10.9,0.9665032967335472
2312,123,1010.2,79.0,79.0,6.0,80.0,24.5,0.9115470770136577
2313,124,1012.0,76.0,61.0,8.6,10.0,11.8,1.0735201235487781
2314,125,1008.1,78.0,86.0,3.3,140.0,24.4,1.3323258446310657
2315,126,1009.8,79.0,61.0,6.0,70.0,27.6,0.9033752199758005
2316,127,1005.9,87.0,88.0,0.2,230.0,20.7,1.1767072543171495
2317,128,1008.1,84.0,88.0,0.4,230.0,15.2,1.5796714354379378
2318,129,1012.5,89.0,88.0,2.6,230.0,29.6,1.3959677636783192
2319,130,1008.8,79.0,83.0,2.3,220.0,15.3,1.828477432784167
2320,131,1008.2,82.0,89.0,3.3,220.0,12.6,1.9408591764763825
2321,132,1009.8,82.0,84.0,1.2,190.0,20.5,1.5699430914103945
2322,133,1007.5,79.0,70.0,7.6,220.0,33.5,2.1494245444096256
2323,134,1011.8,79.0,84.0,1.0,220.0,16.6,1.2523444798046233
2324,135,1007.8,84.0,88.0,0.3,230.0,23.5,1.9377742556862771
2325,136,1008.7,87.0,83.0,2.8,50.0,7.4,2.0783963936582324
2326,137,1007.5,82.0,88.0,0.2,200.0,13.0,1.730446682309532
2327,138,1008.3,87.0,87.0,0.2,230.0,20.3,2.046234678904862
2328,139,1008.4,85.0,86.0,1.0,180.0,20.2,1.3564047387063936
2329,140,1007.5,86.0,93.0,0.9,230.0,24.4,1.8361786485699754
2330,141,1008.8,84.0,88.0,1.3,220.0,41.4,2.030051206356212
2331,142,1006.0,94.0,82.0,11.8,230.0,28.4,1.255873927171381
2332,143,1008.1,78.0,29.0,11.4,220.0,14.5,2.1130576968025085
2333,144,1005.7,85.0,81.0,0.1,60.0,7.9,1.335386942312371
2334,145,1008.8,92.0,91.0,0.5,120.0,14.1,1.445809486190461
2335,146,1008.4,97.0,97.0,0.9,70.0,9.1,1.6953732434081723
2336,147,1006.7,93.0,88.0,0.0,70.0,26.9,1.1215861111035506
2337,148,1008.9,74.0,51.0,11.8,220.0,26.7,1.8484092268312402
2338,149,1005.7,87.0,84.0,0.3,20.0,14.2,0.8708349893428088
2339,150,1006.9,75.0,70.0,8.9,230.0,41.4,2.1131236779998623
2340,151,1004.3,79.0,100.0,3.2,40.0,21.9,2.270723648508691
2341,152,1009.5,84.0,80.0,6.7,180.0,28.8,2.3780560591847
2342,153,1008.4,81.0,86.0,2.1,230.0,26.7,2.301244383211652
2343,154,1010.5,76.0,57.0,10.0,60.0,25.1,1.4300720841130226
2344,155,1006.6,89.0,83.0,6.1,270.0,22.8,2.1995912147158356
2345,156,1008.5,84.0,73.0,5.7,220.0,37.5,2.420545985652485
2346,157,1007.7,61.0,77.0,0.8,20.0,11.8,2.1992177546388785
2347,158,1007.5,79.0,78.0,5.0,220.0,22.8,2.527577016200459
2348,159,1008.1,81.0,78.0,4.5,220.0,21.5,2.2766235849411673
2349,160,1008.9,87.0,82.0,5.7,220.0,10.3,2.0624836022055355
2350,161,1008.4,81.0,79.0,6.7,200.0,25.0,1.7357681427062917
2351,162,1007.5,81.0,84.0,2.5,230.0,14.5,2.0203586171634145
2352,163,1009.9,74.0,46.0,10.8,200.0,24.9,2.278956775277582
2353,164,1009.1,77.0,53.0,10.5,200.0,25.2,2.1174627898123504
2354,165,1008.2,74.0,44.0,10.4,220.0,17.2,2.386554654637567
2355,166,1006.9,79.0,69.0,11.5,200.0,11.3,2.1849196113344895
2356,167,1007.8,89.0,80.0,6.3,220.0,29.8,2.3889699476346564
2357,168,1008.2,86.0,80.0,2.1,250.0,11.2,2.03898745246245
2358,169,1008.9,86.0,83.0,2.3,220.0,12.5,1.6684759003415202
2359,170,1005.0,79.0,43.0,10.1,230.0,11.3,2.6211973624198217
2360,171,1008.5,83.0,77.0,0.9,200.0,23.5,2.0708234024159378
2361,172,1006.4,80.0,69.0,9.5,240.0,29.2,1.7726961540439725
2362,173,1006.9,84.0,88.0,6.3,220.0,29.6,2.0706662694612823
2363,174,1009.9,89.0,48.0,9.1,230.0,12.7,2.0466411295804967
2364,175,1008.8,86.0,88.0,6.5,220.0,13.2,1.991367663712019
2365,176,1009.2,93.0,88.0,0.2,230.0,23.7,1.9705569871163213
2366,177,1008.7,87.0,83.0,1.2,230.0,20.5,1.7941461332366235
2367,178,1006.8,81.0,88.0,0.3,240.0,22.1,1.9456104240459533
2368,179,1006.5,85.0,88.0,3.2,260.0,26.2,1.9719687542631539
2369,180,1008.3,81.0,83.0,8.4,220.0,15.3,2.239343290792513
2370,181,1008.6,87.0,84.0,2.8,160.0,11.3,1.7314822251433388
2371,182,1007.8,81.0,78.0,5.3,220.0,20.9,2.110109519207211
2372,183,1002.4,79.0,38.0,10.0,140.0,22.1,1.7936185598838457
2373,184,1008.2,81.0,88.0,1.0,200.0,16.9,2.3042556211589225
2374,185,1009.8,79.0,72.0,9.1,220.0,14.5,2.225984482761967
2375,186,1008.1,81.0,57.0,6.8,220.0,9.8,1.8218942363288575
2376,187,1008.1,78.0,40.0,8.3,240.0,14.1,1.940603101225373
2377,188,1008.2,83.0,84.0,6.1,220.0,9.4,2.0937973789452506
2378,189,1008.9,87.0,89.0,0.2,190.0,17.5,1.7494287740346683
2379,190,1007.8,78.0,79.0,6.6,220.0,19.6,1.9934075494018961
2380,191,1009.8,82.0,79.0,6.0,230.0,21.2,2.0432559011109372
2381,192,1008.4,81.0,77.0,5.0,220.0,12.0,2.38551911180376
2382,193,1011.0,81.0,72.0,8.5,230.0,19.2,2.3609946777025526
2383,194,1009.9,72.0,32.0,9.0,230.0,12.5,2.1715813807908195
2384,195,1006.3,79.0,78.0,11.8,220.0,7.4,2.263528828809676
2385,196,1010.3,79.0,47.0,7.5,190.0,24.4,1.8723084632347842
2386,197,1008.5,75.0,49.0,10.4,230.0,20.0,2.016990040602506
2387,198,1009.4,78.0,69.0,8.1,220.0,25.0,2.07082905799771
2388,199,1008.5,79.0,78.0,7.7,220.0,24.5,2.230548026677932
2389,200,1008.3,74.0,55.0,11.1,30.0,17.2,2.3593952069021142
2390,201,1008.8,72.0,52.0,9.6,220.0,26.4,2.309759473963858
2391,202,1008.8,82.0,86.0,4.5,270.0,5.5,2.506081288960987
2392,203,1006.0,74.0,58.0,10.9,10.0,25.2,2.474430751094509
2393,204,1010.5,76.0,84.0,4.4,10.0,23.9,2.3306663581195193
2394,205,1009.5,81.0,87.0,3.2,20.0,11.9,1.6295188135318521
2395,206,1006.4,89.0,49.0,9.1,30.0,11.8,2.0373153712677583
2396,207,1005.0,87.0,87.0,1.2,40.0,17.2,1.7248990286880297
2397,208,1008.6,86.0,84.0,6.2,20.0,10.2,1.5190524688371936
2398,209,1010.1,89.0,58.0,7.4,220.0,12.6,2.3914926322456176
2399,210,1008.5,80.0,71.0,10.8,130.0,7.4,1.897042407534367
2400,211,1008.8,81.0,72.0,6.7,220.0,12.5,1.9933876900873813
2401,212,1008.6,77.0,68.0,8.4,220.0,24.8,2.212094737363467
2402,213,1007.5,81.0,69.0,3.2,300.0,21.6,1.644202230245891
2403,214,1004.7,79.0,79.0,6.4,200.0,12.9,1.4765234235194873
2404,215,1000.3,84.0,87.0,0.7,240.0,12.3,1.6597721323205814
2405,216,1005.9,79.0,82.0,1.7,50.0,13.2,1.5852328201227104
2406,217,1008.1,83.0,81.0,1.1,250.0,21.4,1.9197576434100563
2407,218,1005.4,84.0,84.0,5.6,220.0,9.1,2.263245891211233
2408,219,1008.1,74.0,23.0,10.5,230.0,11.0,2.1272818129277202
2409,220,1007.6,81.0,88.0,1.2,230.0,15.8,1.8093916872963538
2410,221,1007.4,89.0,51.0,7.6,190.0,15.3,2.3650848161304014
2411,222,1005.0,91.0,88.0,1.8,50.0,15.0,1.4084226174337484
2412,223,1007.9,82.0,81.0,1.1,220.0,16.4,1.9641887998318464
2413,224,1008.5,79.0,79.0,4.0,160.0,20.3,2.1134896918741064
2414,225,1008.8,89.0,84.0,2.2,110.0,16.0,0.9891506336813044
2415,226,1012.0,79.0,60.0,8.5,60.0,15.4,1.5099738932881523
2416,227,1010.5,89.0,81.0,2.1,60.0,12.4,1.72858076920999
2417,228,1008.7,83.0,84.0,1.4,210.0,11.3,1.5387659590320335
2418,229,1012.4,89.0,82.0,3.8,50.0,24.4,1.64461904796962
2419,230,1012.2,74.0,74.0,9.2,40.0,14.5,2.183082950982429
2420,231,1010.5,75.0,51.0,7.7,70.0,28.8,1.8155388064925264
2421,232,1011.0,77.0,60.0,9.6,60.0,28.0,2.091182224625521
2422,233,1008.9,84.0,88.0,1.2,70.0,13.0,0.7883534068466758
2423,234,1007.7,93.0,88.0,0.4,100.0,28.0,0.8253941210436588
2424,235,1009.9,89.0,88.0,2.2,230.0,27.6,1.6391030374956495
2425,236,1011.4,77.0,29.0,10.5,70.0,17.2,2.0849333693972483
2426,237,1011.9,75.0,47.0,8.2,60.0,13.7,0.9808919625164509
2427,238,1012.0,84.0,47.0,7.9,80.0,38.0,1.8422800197193279
2428,239,1012.0,84.0,78.0,2.0,230.0,40.8,1.7367249468946002
2429,240,1013.3,77.0,61.0,10.0,40.0,9.2,1.5045002668458265
2430,241,1015.0,81.0,82.0,4.3,180.0,15.8,1.5196344654973997
2431,242,1014.4,86.0,88.0,0.2,80.0,17.3,1.1917240386430983
2432,243,1014.4,88.0,82.0,2.4,70.0,18.0,0.9812856557439421
2433,244,1014.8,82.0,46.0,7.7,80.0,41.3,1.269309526617171
2434,245,1010.0,86.0,88.0,2.0,220.0,21.3,1.775803599551207
2435,246,1011.0,84.0,78.0,4.5,220.0,11.2,1.652493862509746
2436,247,1006.9,81.0,70.0,3.4,180.0,39.9,1.7870593049305885
2437,248,1008.9,78.0,69.0,9.5,220.0,16.5,1.3467740190237376
2438,249,1011.2,82.0,84.0,0.4,180.0,12.0,1.7551339049471673
2439,250,1012.0,76.0,88.0,3.6,70.0,15.4,1.717465072207139
2440,251,1009.9,82.0,59.0,6.2,40.0,25.5,1.8116942774341396
2441,252,1008.8,87.0,83.0,6.2,220.0,20.0,1.8776590197697134
2442,253,1006.8,81.0,69.0,7.4,230.0,8.3,1.2864861284683073
2443,254,1008.2,74.0,65.0,8.1,10.0,14.6,1.717795705082656
2444,255,1006.9,75.0,88.0,0.5,230.0,30.3,1.3523419057957735
2445,256,1011.4,83.0,81.0,3.0,80.0,43.8,1.5237024530441372
2446,257,1011.4,84.0,87.0,3.1,70.0,50.7,1.4063544526115166
2447,258,1010.6,79.0,88.0,0.2,30.0,43.8,1.154925225464059
2448,259,1014.5,86.0,95.0,1.4,230.0,20.3,1.272876773658888
2449,260,1013.3,68.0,39.0,9.1,100.0,12.6,0.5904265925769727
2450,261,1015.2,84.0,88.0,1.1,70.0,32.2,1.0249681013908754
2451,262,1008.4,94.0,87.0,0.0,120.0,14.1,1.0952041837206405
2452,263,1010.5,88.0,94.0,0.7,200.0,11.9,0.5733246176841214
2453,264,1012.0,91.0,89.0,2.3,70.0,52.8,0.23023559158257187
2454,265,1016.8,77.0,89.0,0.4,80.0,39.7,1.0735041009189112
2455,266,1017.0,70.0,57.0,7.6,80.0,10.9,1.4370727275708455
2456,267,1017.8,75.0,49.0,8.5,230.0,9.1,1.757996242030594
2457,268,1018.3,83.0,88.0,5.3,80.0,18.4,0.860824150886619
2458,269,1017.6,86.0,93.0,0.3,160.0,25.5,0.9100652464819333
2459,270,1015.6,77.0,73.0,7.9,90.0,52.8,0.5385108930515128
2460,271,1013.4,82.0,44.0,7.4,230.0,16.2,0.8742003007219944
2461,272,1015.8,93.0,88.0,1.1,190.0,25.0,0.1823467234066049
2462,273,1019.0,86.0,67.0,6.8,220.0,18.4,0.7172012703486178
2463,274,1017.7,85.0,54.0,0.3,70.0,46.3,-0.4877601852711281
2464,275,1017.7,87.0,83.0,1.6,70.0,43.1,0.37776301073438223
2465,276,1011.0,89.0,88.0,1.2,50.0,40.4,0.5762348672713291
2466,277,1010.3,78.0,46.0,1.6,70.0,9.9,0.6534305269787415
2467,278,1019.0,77.0,49.0,9.2,70.0,26.5,-0.03192029303070824
2468,279,1014.4,73.0,20.0,10.5,80.0,24.3,0.42402051823599707
2469,280,1017.6,77.0,75.0,3.7,60.0,22.5,-0.23806000091876833
2470,281,1015.6,75.0,51.0,8.2,60.0,13.0,0.5785195453248544
2471,282,1012.6,76.0,46.0,10.3,20.0,9.5,0.5012745563287385
2472,283,1016.7,79.0,87.0,0.6,30.0,13.9,-0.29944759538474236
2473,284,1010.7,83.0,58.0,8.8,60.0,14.8,1.0206803932069817
2474,285,1013.7,70.0,43.0,9.5,20.0,12.8,0.49423479402099374
2475,286,1018.6,70.0,54.0,10.2,20.0,11.0,0.6354095770722176
2476,287,1015.8,79.0,66.0,1.2,60.0,9.2,0.6882653017676983
2477,288,1016.8,81.0,83.0,2.5,40.0,24.4,0.28473779245938763
2478,289,1013.9,79.0,82.0,1.3,80.0,13.7,0.4057670902441726
2479,290,1008.5,78.0,65.0,6.5,110.0,14.2,0.2872227750053492
2480,291,1015.2,84.0,80.0,5.9,80.0,21.9,0.13922232420144082
2481,292,1010.1,76.0,84.0,3.7,70.0,26.5,0.8476561845817656
2482,293,1019.1,83.0,75.0,1.8,80.0,21.9,0.2583900465169875
2483,294,1017.2,85.0,81.0,1.1,70.0,27.4,0.29438500744138246
2484,295,1014.6,75.0,85.0,2.4,90.0,15.3,-0.09621389828704031
2485,296,1016.0,81.0,88.0,0.3,40.0,24.8,0.3765747020759009
2486,297,1018.2,86.0,88.0,3.3,50.0,18.2,-0.5740798848554547
2487,298,1017.5,86.0,83.0,1.0,40.0,14.5,0.7631861495240247
2488,299,1017.2,81.0,88.0,6.4,20.0,13.0,0.5117330697680915
2489,300,1013.9,86.0,81.0,3.2,70.0,20.5,0.45014071478612533
2490,301,1014.6,84.0,84.0,3.9,20.0,21.2,0.8106833988123907
2491,302,1014.3,75.0,43.0,7.4,20.0,28.0,0.5538247198751933
2492,303,1017.6,84.0,88.0,1.1,60.0,14.8,0.3681137791883564
2493,304,1015.6,75.0,78.0,4.7,30.0,15.9,0.6711671918356783
2494,305,1014.3,89.0,88.0,1.2,70.0,39.9,0.7642542102870367
2495,306,1015.2,90.0,88.0,1.8,40.0,20.5,0.6863536406213351
2496,307,1017.8,85.0,86.0,1.2,70.0,15.1,0.4889450062714421
2497,308,1017.7,82.0,61.0,8.6,80.0,25.1,0.6085857602390865
2498,309,1017.6,93.0,83.0,2.9,80.0,27.3,0.4156185735128894
2499,310,1017.6,78.0,70.0,9.3,80.0,15.7,-0.37991151362937925
2500,311,1016.1,77.0,69.0,6.3,70.0,14.5,-0.4377719435788081
2501,312,1017.4,82.0,87.0,0.6,70.0,29.7,-1.5812633577355633
2502,313,1018.1,70.0,49.0,9.5,20.0,23.4,-1.8945300865048544
2503,314,1017.9,87.0,81.0,0.0,70.0,15.3,-2.213812936974353
2504,315,1019.0,85.0,83.0,2.0,70.0,23.3,-1.5234007533892973
2505,316,1021.5,79.0,79.0,3.9,20.0,13.7,-1.4563820551900009
2506,317,1017.8,89.0,89.0,1.1,80.0,20.5,-0.21638222560746262
2507,318,1019.5,85.0,89.0,0.7,60.0,15.3,-1.7512948107772013
2508,319,1019.4,86.0,89.0,1.1,30.0,20.9,-0.6614119126602795
2509,320,1020.9,78.0,46.0,8.6,10.0,19.6,-1.9911023186710324
2510,321,1022.2,78.0,83.0,1.5,10.0,39.5,-1.7853115295787696
2511,322,1018.5,73.0,89.0,0.6,70.0,34.2,-1.6076966887470665
2512,323,1019.8,77.0,86.0,0.7,70.0,30.6,-1.2233057287760543
2513,324,1018.1,90.0,91.0,0.6,40.0,12.7,-2.558999754481636
2514,325,1018.3,84.0,88.0,0.1,40.0,22.0,-0.6465526056253279
2515,326,1016.9,94.0,81.0,0.0,40.0,15.7,-0.9839164848905504
2516,327,1019.5,78.0,88.0,0.0,50.0,38.0,-1.242594699601685
2517,328,1019.7,75.0,88.0,0.0,30.0,38.3,-1.3468752789197196
2518,329,1020.4,78.0,86.0,0.4,30.0,23.9,-2.220759756903857
2519,330,1018.3,95.0,91.0,0.0,60.0,25.0,-2.8998158170289003
2520,331,1025.2,74.0,88.0,0.3,60.0,24.4,-2.6144020446727367
2521,332,1020.4,78.0,88.0,3.5,40.0,29.0,-3.860269823203877
2522,333,1022.2,49.0,89.0,0.0,20.0,28.8,-3.8513512337391336
2523,334,1023.2,79.0,85.0,3.8,40.0,26.5,-2.9201275732401935
2524,335,1025.3,76.0,51.0,2.2,70.0,38.0,-2.4436828165853566
2525,336,1023.8,91.0,88.0,0.0,40.0,39.5,-2.285981857716465
2526,337,1024.1,62.0,29.0,4.5,40.0,14.2,-2.320696139107064
2527,338,1023.4,93.0,95.0,0.0,50.0,26.8,-3.068190140280626
2528,339,1019.5,79.0,93.0,0.0,60.0,28.3,-2.5208737943261244
2529,340,1017.5,84.0,89.0,0.0,20.0,28.6,-2.890717981944452
2530,341,1020.4,75.0,88.0,0.0,20.0,18.8,-3.3208653645757154
2531,342,1022.5,92.0,95.0,0.0,50.0,28.0,-4.082217940669717
2532,343,1025.9,79.0,83.0,1.1,60.0,22.2,-2.4256697162172416
2533,344,1017.7,79.0,88.0,0.0,70.0,34.3,-3.5262603167668196
2534,345,1019.9,81.0,78.0,3.5,50.0,12.8,-1.728997110797601
2535,346,1023.4,76.0,55.0,2.2,20.0,29.8,-3.4205543380721353
2536,347,1021.1,76.0,88.0,0.0,40.0,28.6,-3.3511033789069393
2537,348,1016.9,89.0,91.0,0.0,50.0,37.5,-2.7263574783748026
2538,349,1026.4,79.0,88.0,0.0,20.0,24.4,-3.4682964490579256
2539,350,1018.0,86.0,89.0,1.3,40.0,14.5,-2.4113578418495822
2540,351,1016.7,81.0,76.0,3.0,70.0,24.0,-3.3123246023179096
2541,352,1019.5,75.0,87.0,1.0,50.0,32.2,-2.6276226349476928
2542,353,1022.7,82.0,69.0,3.3,60.0,19.4,-1.0513015413004339
2543,354,1026.6,78.0,83.0,0.3,20.0,23.5,-2.2044095407408792
2544,355,1018.1,91.0,86.0,0.6,50.0,32.2,-2.2774116254844716
2545,356,1018.5,93.0,88.0,0.0,50.0,14.7,-1.6557724140711487
2546,357,1019.0,91.0,88.0,0.0,40.0,19.8,-1.5154533284549176
2547,358,1016.0,86.0,88.0,0.0,70.0,31.2,-1.609420203070028
2548,359,1025.3,93.0,85.0,0.0,40.0,20.0,-2.1385451176524826
2549,360,1019.9,97.0,97.0,0.0,50.0,26.8,-2.624952466257811
2550,361,1014.4,90.0,54.0,7.3,50.0,14.1,-2.4721556196166183
2551,362,1012.5,86.0,70.0,6.2,50.0,24.4,-1.2053672553662227
2552,363,1018.0,90.0,96.0,0.1,80.0,24.8,-1.1447724857102977
2553,364,1018.1,97.0,97.0,0.0,70.0,29.2,-2.6800592786290305
2554,365,1014.2,94.0,88.0,0.0,70.0,43.1,-1.4437506818348738
2555,1,1013.3,90.0,91.0,0.0,60.0,43.8,-1.899241085000064
2556,2,1018.5,97.0,96.0,0.0,20.0,25.0,-3.0591941683379136
2557,3,1017.0,78.0,76.0,8.3,30.0,52.8,-2.5682219491487674
2558,4,1017.1,91.0,100.0,0.0,50.0,35.1,-4.036042063159305
2559,5,1020.9,97.0,96.0,0.0,20.0,59.5,-3.5297948199362414
2560,6,1021.3,65.0,88.0,0.0,20.0,52.8,-3.2367978163993247
2561,7,1024.4,64.0,87.0,0.0,20.0,22.0,-4.442784447804783
2562,8,1024.1,77.0,88.0,0.0,70.0,33.2,-4.551553914580822
2563,9,1017.4,81.0,100.0,0.0,30.0,39.7,-3.1536330316562178
2564,10,1016.0,90.0,100.0,0.0,50.0,33.4,-2.762860970343275
2565,11,1026.4,77.0,94.0,0.0,30.0,26.1,-3.9585013791166035
2566,12,1012.0,94.0,100.0,0.2,50.0,22.8,-3.6165817759741468
2567,13,1017.7,79.0,95.0,0.0,60.0,44.7,-3.509967062204247
2568,14,1024.3,83.0,93.0,0.0,40.0,23.4,-3.4652657949659362
2569,15,1023.9,79.0,88.0,0.0,20.0,18.4,-4.0834590992413915
2570,16,1017.1,75.0,20.0,8.4,20.0,39.3,-3.932831651285383
2571,17,1021.2,75.0,44.0,10.2,40.0,17.2,-3.952517491626652
2572,18,1022.2,77.0,93.0,0.0,40.0,15.3,-4.077102252620136
2573,19,1020.6,48.0,22.0,9.8,30.0,26.2,-3.767051807256552
2574,20,1020.6,39.0,0.0,10.2,20.0,24.8,-4.53446073334183
2575,21,1019.9,98.0,100.0,0.0,40.0,15.1,-3.2832124273559176
2576,22,1017.6,95.0,90.0,0.1,50.0,59.5,-2.4551185534725413
2577,23,1017.6,98.0,97.0,0.0,70.0,24.4,-1.7623694711995521
2578,24,1020.3,78.0,67.0,0.0,10.0,15.7,-1.8990194848483914
2579,25,1013.3,93.0,88.0,0.0,40.0,33.5,-0.7261398045548064
2580,26,1013.5,90.0,83.0,3.6,50.0,19.3,-0.5013029886037605
2581,27,1015.2,77.0,66.0,9.8,10.0,38.0,-0.9291589356514699
2582,28,1019.6,79.0,78.0,0.9,140.0,15.3,-0.9319013703992634
2583,29,1014.7,83.0,86.0,0.1,30.0,17.2,-0.9380064499001343
2584,30,1017.9,79.0,71.0,2.2,60.0,19.0,-0.5365182265025924
2585,31,1015.8,92.0,88.0,0.0,80.0,22.1,-1.2002217147900522
2586,32,1017.9,92.0,95.0,0.0,50.0,14.2,-1.400890343245148
2587,33,1016.3,76.0,64.0,10.1,40.0,15.4,-2.855445803228507
2588,34,1016.9,79.0,93.0,0.1,60.0,35.3,-1.432950351466095
2589,35,1012.5,83.0,61.0,6.5,50.0,14.1,-2.597579290310426
2590,36,1014.2,91.0,79.0,0.0,80.0,11.7,-0.6608544572812347
2591,37,1023.8,91.0,92.0,0.0,40.0,14.6,-2.053989841861981
2592,38,1012.5,89.0,81.0,1.0,40.0,9.2,-0.6448286186328938
2593,39,1019.0,91.0,80.0,2.0,20.0,11.8,-2.319451842463303
2594,40,1022.5,92.0,95.0,0.0,20.0,23.9,-0.6553388206432831
2595,41,1019.9,90.0,94.0,0.0,70.0,44.7,-3.476870792977134
2596,42,1024.3,76.0,83.0,1.2,20.0,25.2,-3.2816638592384177
2597,43,1020.2,65.0,60.0,9.5,40.0,9.2,-2.4815546782197893
2598,44,1019.9,85.0,93.0,0.0,20.0,29.2,-3.3214483261346635
2599,45,1022.6,77.0,49.0,8.1,40.0,8.7,-1.7514803707571398
2600,46,1020.3,81.0,88.0,0.1,60.0,33.2,-2.4152628236331872
2601,47,1013.5,90.0,89.0,1.2,70.0,40.8,-1.32316506412125
2602,48,1014.0,75.0,89.0,0.1,50.0,20.8,-2.095847410989871
2603,49,1013.1,76.0,69.0,10.5,40.0,15.9,-3.050470639835914
2604,50,1022.9,79.0,91.0,0.0,20.0,19.6,-3.159277718559882
2605,51,1019.7,95.0,100.0,0.0,50.0,25.1,-3.1827234000734412
2606,52,1024.1,79.0,100.0,2.4,30.0,14.5,-3.3835465849741526
2607,53,1019.7,95.0,100.0,0.0,50.0,24.9,-2.3669054786621313
2608,54,1018.3,86.0,82.0,2.1,100.0,18.6,-1.291284468069199
2609,55,1017.1,85.0,90.0,0.0,60.0,35.1,-2.052329918336324
2610,56,1012.5,97.0,95.0,0.0,40.0,25.1,-1.7891218684802632
2611,57,1012.4,88.0,69.0,6.6,70.0,14.6,-0.9811943127929668
2612,58,1017.1,90.0,83.0,3.7,70.0,9.0,-0.9408494003385186
2613,59,1012.3,80.0,70.0,9.9,60.0,12.6,-1.4301207495385784
2614,60,1012.0,90.0,81.0,1.6,30.0,13.8,-0.6288428724496014
2615,61,1012.5,97.0,88.0,0.0,40.0,16.0,-1.2744130818072528
2616,62,1012.5,94.0,88.0,0.0,40.0,20.7,-1.219992166585298
2617,63,1018.7,98.0,98.0,0.0,60.0,26.1,-1.919316781884176
2618,64,1015.9,98.0,97.0,0.7,40.0,29.0,-1.8886372224390733
2619,65,1015.2,86.0,88.0,0.0,70.0,33.4,-1.6700375962765364
2620,66,1017.2,86.0,83.0,1.3,60.0,16.0,-1.8550573580683545
2621,67,1019.9,78.0,88.0,0.2,20.0,18.0,-2.5748013176358118
2622,68,1016.8,92.0,95.0,0.0,30.0,13.9,-1.5825307788755607
2623,69,1015.0,95.0,95.0,0.0,20.0,40.0,-2.527563182837089
2624,70,1016.4,90.0,100.0,0.0,40.0,20.7,-2.952487111968882
2625,71,1019.9,96.0,91.0,0.0,40.0,17.5,-3.0515381008198177
2626,72,1017.4,79.0,73.0,7.2,70.0,13.3,-0.7722729241975558
2627,73,1013.0,72.0,57.0,9.8,30.0,8.9,-0.5260272840276101
2628,74,1012.0,95.0,83.0,3.7,70.0,28.3,-0.4228341238414473
2629,75,1015.7,76.0,82.0,6.1,40.0,23.9,-0.727471515104672
2630,76,1013.7,87.0,84.0,1.5,70.0,17.5,-0.8755103861459403
2631,77,1014.1,92.0,88.0,0.4,40.0,4.5,-0.6056215848234603
2632,78,1013.3,91.0,78.0,8.2,50.0,19.8,0.20803627233627975
2633,79,1012.0,91.0,88.0,0.5,40.0,6.1,0.31688231330085714
2634,80,1010.3,77.0,68.0,4.5,40.0,16.9,-1.321007793605425
2635,81,1011.3,95.0,95.0,0.0,60.0,30.6,-1.4865505070819873
2636,82,1010.3,97.0,90.0,0.0,40.0,22.5,-1.902310168045798
2637,83,1011.0,87.0,90.0,0.2,70.0,11.7,-0.8234739377793561
2638,84,1008.9,75.0,88.0,0.3,30.0,24.3,-1.4971325718145934
2639,85,1012.4,76.0,66.0,6.2,70.0,31.2,-0.06002473162177658
2640,86,1007.6,97.0,88.0,0.3,30.0,13.3,-0.6152185957350789
2641,87,1008.1,82.0,89.0,0.1,70.0,15.5,0.11548311209825522
2642,88,1008.1,86.0,88.0,0.2,70.0,12.5,0.11559555951479178
2643,89,1015.0,92.0,81.0,1.1,80.0,29.8,-0.1374288008028007
2644,90,1011.4,90.0,85.0,1.6,80.0,12.0,0.22872582625483415
2645,91,1012.6,91.0,88.0,3.9,70.0,11.3,0.5396718961927653
2646,92,1017.1,87.0,89.0,2.7,240.0,8.6,-0.185220270576971
2647,93,1013.3,95.0,89.0,0.5,240.0,15.3,0.2618242304392317
2648,94,1009.1,94.0,85.0,0.6,240.0,17.2,0.6914817122830398
2649,95,1014.9,88.0,88.0,1.7,50.0,26.0,-0.19016053975161715
2650,96,1010.9,98.0,87.0,1.5,70.0,28.3,0.9611257212418722
2651,97,1016.2,95.0,81.0,2.1,80.0,9.5,0.8493061148953467
2652,98,1009.1,85.0,83.0,0.2,40.0,10.2,0.730073758833591
2653,99,1012.4,89.0,77.0,5.7,200.0,15.2,0.769629337602803
2654,100,1014.5,82.0,88.0,3.2,80.0,19.8,1.0677494841083965
2655,101,1010.2,76.0,88.0,1.5,80.0,12.8,0.574226181559188
2656,102,1015.6,94.0,82.0,2.1,80.0,11.3,0.6863154953865405
2657,103,1013.3,78.0,88.0,0.1,160.0,30.2,0.38813515159849404
2658,104,1012.7,89.0,83.0,3.5,70.0,26.3,0.6287188323937236
2659,105,1008.2,89.0,88.0,1.8,190.0,17.2,1.0874444624398674
2660,106,1009.1,80.0,84.0,3.5,80.0,12.6,1.3253978410671727
2661,107,1008.4,89.0,85.0,0.3,40.0,12.6,1.3816167704607385
2662,108,1016.4,91.0,88.0,0.5,210.0,11.7,1.230204355949474
2663,109,1012.0,82.0,82.0,3.2,80.0,24.9,0.9376022659815584
2664,110,1013.4,78.0,86.0,5.1,120.0,24.2,0.8505660898326315
2665,111,1013.2,75.0,85.0,3.7,70.0,13.1,0.8477392608575673
2666,112,1013.0,83.0,90.0,2.9,40.0,24.4,0.8380588293338049
2667,113,1013.4,75.0,83.0,2.2,200.0,28.8,1.3543205217546177
2668,114,1011.4,85.0,84.0,2.4,80.0,27.0,0.5201457358155132
2669,115,1008.5,90.0,79.0,1.8,110.0,16.4,0.6427576352653794
2670,116,1013.4,87.0,88.0,1.5,20.0,14.5,1.2225673307400782
2671,117,1014.0,86.0,88.0,2.6,100.0,39.3,1.1324911070661943
2672,118,1010.0,91.0,82.0,0.4,20.0,28.3,0.06598873498767503
2673,119,1012.2,82.0,85.0,2.2,80.0,38.0,0.7709633397192641
2674,120,1007.8,85.0,84.0,1.8,220.0,9.8,1.717103395963198
2675,121,1012.0,76.0,69.0,3.8,20.0,33.5,0.8185426916683046
2676,122,1012.4,80.0,86.0,3.8,80.0,38.3,0.8695821162718953
2677,123,1006.7,87.0,82.0,2.2,50.0,24.4,1.1490855851474884
2678,124,1007.7,87.0,84.0,0.6,230.0,20.0,1.240367212558301
2679,125,1010.3,79.0,70.0,8.3,80.0,13.8,1.202955802520428
2680,126,1012.5,81.0,70.0,6.8,70.0,25.1,0.6548752847242516
2681,127,1013.2,93.0,84.0,1.6,60.0,33.4,0.9769428060802596
2682,128,1007.8,93.0,88.0,0.8,230.0,16.3,1.3808702934766193
2683,129,1008.9,82.0,80.0,3.7,200.0,17.2,1.6296792116682288
2684,130,1009.2,85.0,89.0,1.3,230.0,27.1,1.827096709005758
2685,131,1008.8,81.0,79.0,4.3,220.0,33.5,2.065284168612275
2686,132,1009.3,79.0,85.0,1.6,20.0,20.7,1.5505437387917338
2687,133,1010.2,82.0,84.0,2.2,220.0,18.1,2.088189872377639
2688,134,1006.7,82.0,84.0,1.8,230.0,25.0,2.2162862379873967
2689,135,1008.8,87.0,83.0,2.0,220.0,22.8,2.280245029347222
2690,136,1005.9,84.0,77.0,1.6,230.0,35.3,2.1078644609492625
2691,137,1008.1,81.0,78.0,7.8,220.0,26.2,2.37815031951441
2692,138,1008.5,84.0,88.0,2.1,40.0,16.5,1.7252917483003938
2693,139,1008.1,83.0,78.0,2.2,200.0,13.0,1.6093881317772638
2694,140,1008.0,82.0,69.0,3.0,300.0,39.5,1.8553833522779721
2695,141,1008.2,84.0,87.0,1.2,230.0,55.5,1.8089705319423208
2696,142,1007.5,85.0,93.0,0.1,230.0,32.4,0.9595018362699097
2697,143,1007.9,79.0,82.0,7.6,220.0,44.7,1.764513486788225
2698,144,1009.2,76.0,39.0,11.0,220.0,30.0,2.1990263131340777
2699,145,1004.2,78.0,38.0,8.8,220.0,20.8,1.4883200889785755
2700,146,1006.3,74.0,19.0,10.1,220.0,12.1,2.103178377571232
2701,147,1004.5,79.0,77.0,1.1,100.0,30.6,1.7876285441426503
2702,148,1005.8,74.0,69.0,3.9,220.0,39.7,1.320914826417647
2703,149,1006.7,93.0,88.0,0.0,230.0,18.0,1.2802116312341103
2704,150,1006.1,70.0,48.0,9.3,10.0,52.8,2.255965231000348
2705,151,1008.4,72.0,22.0,11.1,230.0,25.2,2.2088692777515
2706,152,1007.6,81.0,87.0,1.6,100.0,35.3,2.3610724427329237
2707,153,1007.8,65.0,75.0,8.2,104.863151,17.2,2.33461790495576
2708,154,1008.6,89.0,83.0,3.9,220.0,11.7,2.3834637044296714
2709,155,1009.5,74.0,30.0,10.8,220.0,15.8,2.340853530066417
2710,156,1008.5,78.0,32.0,10.8,50.0,7.9,2.1990767726472202
2711,157,1009.1,73.0,46.0,10.0,220.0,10.7,2.3347673067652583
2712,158,1007.5,84.0,46.0,7.8,220.0,12.4,2.3309573416997837
2713,159,1007.9,81.0,77.0,6.5,220.0,10.2,2.5106957355598905
2714,160,1008.4,81.0,88.0,9.3,230.0,17.3,2.4202837243743716
2715,161,1004.2,86.0,88.0,1.5,220.0,12.5,1.6982090919801853
2716,162,1007.5,78.0,38.0,11.1,230.0,20.2,2.229970967427138
2717,163,1009.1,87.0,79.0,3.9,200.0,16.5,1.8676396921619063
2718,164,1008.5,78.0,39.0,10.4,130.0,11.0,2.2263306373216967
2719,165,1008.1,79.0,78.0,5.9,220.0,15.7,2.2624310426297094
2720,166,1007.2,72.0,40.0,10.2,230.0,20.5,2.339571404248022
2721,167,1009.5,89.0,88.0,1.0,190.0,28.3,2.1455654672821534
2722,168,1008.1,73.0,70.0,11.0,240.0,26.2,2.3137204142330656
2723,169,1002.2,82.0,88.0,0.6,220.0,21.3,2.217701270315953
2724,170,1000.0,73.0,41.0,10.8,230.0,11.3,2.270365710115945
2725,171,1008.8,84.0,88.0,3.5,240.0,24.4,1.952335576108047
2726,172,1008.1,75.0,55.0,11.3,250.0,9.9,2.35815643873049
2727,173,1003.5,90.0,60.0,8.5,210.0,11.0,1.8688939820177417
2728,174,1006.1,87.0,69.0,7.4,90.0,23.7,2.0973165863735512
2729,175,1008.5,79.0,66.0,6.6,240.0,14.2,2.281783230416627
2730,176,1009.8,75.0,59.0,10.4,160.0,25.0,2.2459180674299817
2731,177,1009.5,87.0,81.0,3.2,250.0,14.5,1.908850700217159
2732,178,1008.9,84.0,80.0,7.2,220.0,14.8,2.35630036223371
2733,179,1007.8,79.0,77.0,6.6,230.0,24.0,2.311516422055292
2734,180,1008.1,89.0,89.0,1.1,220.0,30.2,1.7925207737038789
2735,181,1001.0,77.0,78.0,7.7,220.0,25.2,1.9870275782844047
2736,182,1010.5,82.0,85.0,1.5,230.0,30.5,1.6562407672232466
2737,183,1005.7,74.0,29.0,10.2,220.0,14.0,2.2524729847529352
2738,184,1008.1,81.0,88.0,8.8,220.0,16.5,2.073855374459396
2739,185,1004.4,72.0,40.0,6.3,210.0,23.9,1.8161946043888184
2740,186,1010.9,76.0,49.0,9.1,250.0,11.1,2.193174888984491
2741,187,1009.5,84.0,57.0,9.0,180.0,14.3,1.714107679700139
2742,188,1007.8,77.0,49.0,10.7,220.0,14.1,1.8684078190814821
2743,189,1008.9,76.0,79.0,5.6,220.0,9.4,1.7216816445575607
2744,190,1007.5,87.0,74.0,5.3,230.0,22.8,2.071548072855288
2745,191,1008.1,74.0,32.0,9.2,220.0,19.6,2.3103088538614047
2746,192,1008.1,73.0,57.0,10.3,220.0,15.1,2.1771810673196996
2747,193,1008.5,75.0,58.0,6.8,40.0,22.4,1.9798714047658392
2748,194,1008.2,81.0,67.0,9.1,20.0,12.8,2.2914720817582297
2749,195,1011.4,72.0,29.0,11.4,220.0,6.9,2.2235536680806662
2750,196,1008.2,74.0,32.0,11.8,160.0,12.8,2.1400087645640262
2751,197,1008.4,75.0,38.0,10.8,10.0,8.0,1.8655950950057067
2752,198,1005.3,74.0,48.0,10.0,10.0,13.7,2.1783679591932583
2753,199,1007.5,72.0,40.0,10.6,290.0,23.7,2.0527331072968824
2754,200,1008.1,75.0,43.0,9.2,280.0,22.2,2.628587961253941
2755,201,1011.4,75.0,66.0,6.9,10.0,19.8,2.5705747555399596
2756,202,1005.1,75.0,61.0,6.4,240.0,4.5,2.5926874172685683
2757,203,1011.2,73.0,40.0,10.8,240.0,20.2,1.7912160243349007
2758,204,1008.4,81.0,83.0,5.5,290.0,26.2,1.8694561193634325
2759,205,1000.0,71.0,54.0,10.6,290.0,25.0,2.1918772414818832
2760,206,1011.6,77.0,72.0,10.2,100.0,11.1,1.5412749125797243
2761,207,1010.5,65.0,50.0,7.7,20.0,12.6,1.6331840587544733
2762,208,1006.2,84.0,81.0,6.0,240.0,15.8,1.7663118452961772
2763,209,1008.0,73.0,29.0,11.4,170.0,26.2,2.143059277970531
2764,210,1008.5,75.0,43.0,10.0,20.0,13.7,1.7811674439796112
2765,211,1005.9,89.0,80.0,6.6,220.0,19.4,1.4994051857827986
2766,212,1005.2,87.0,86.0,4.3,180.0,12.4,1.7725404673739171
2767,213,1008.1,75.0,58.0,9.5,300.0,11.0,2.390346333782762
2768,214,1009.4,74.0,32.0,8.3,100.0,10.9,2.2103604128226157
2769,215,1008.1,87.0,88.0,0.1,80.0,19.6,1.5052155733518866
2770,216,1005.8,86.0,81.0,6.8,220.0,23.3,1.6435723210819049
2771,217,1008.5,84.0,88.0,1.8,90.0,9.4,1.6530993575022075
2772,218,1006.5,84.0,66.0,6.3,220.0,16.0,1.3213713627704062
2773,219,1007.3,74.0,32.0,10.2,70.0,9.2,1.729745136366419
2774,220,1005.9,78.0,57.0,9.2,60.0,15.7,2.297981251034362
2775,221,1008.2,89.0,88.0,2.1,230.0,14.8,1.9766092462036764
2776,222,1008.4,83.0,53.0,10.2,230.0,14.1,1.4313417079260404
2777,223,1007.1,81.0,86.0,1.2,30.0,17.2,2.0487617011461263
2778,224,1000.0,81.0,72.0,7.0,220.0,12.6,2.0749064389774152
2779,225,1008.5,89.0,84.0,1.0,220.0,12.9,1.0711502342621682
2780,226,1011.5,90.0,86.0,1.8,220.0,19.8,1.214408104040728
2781,227,1011.4,85.0,70.0,6.5,200.0,10.0,1.3915573594230473
2782,228,1001.7,93.0,87.0,0.6,20.0,20.5,1.4917138360994289
2783,229,1008.5,81.0,60.0,8.1,230.0,23.9,1.209689374400362
2784,230,1012.2,90.0,86.0,0.6,60.0,24.9,1.27243265041793
2785,231,1011.2,87.0,85.0,2.2,100.0,27.6,1.2663585847858063
2786,232,1012.0,81.0,88.0,1.5,80.0,7.3,0.9858215203066604
2787,233,1012.8,87.0,82.0,2.5,80.0,22.0,1.064797568661905
2788,234,1010.4,79.0,79.0,1.4,230.0,27.3,1.8023378495889957
2789,235,1008.8,82.0,79.0,6.4,220.0,11.3,1.8101546595798117
2790,236,1009.1,93.0,85.0,1.4,220.0,39.9,1.3917951487537772
2791,237,1011.9,72.0,66.0,7.2,80.0,29.3,1.0788184594493
2792,238,1013.0,82.0,88.0,2.0,100.0,29.8,1.9704428674720957
2793,239,1008.4,93.0,88.0,0.5,220.0,39.5,1.36766990685252
2794,240,1013.9,74.0,56.0,7.7,110.0,6.1,1.598151813042925
2795,241,1013.3,90.0,51.0,8.3,90.0,14.5,1.452921229613675
2796,242,1011.1,84.0,50.0,5.6,70.0,30.3,1.447132648589356
2797,243,1009.9,91.0,88.0,0.6,230.0,30.0,1.3469059814184468
2798,244,1013.5,79.0,51.0,3.1,240.0,39.3,1.5116988243960368
2799,245,1008.5,81.0,88.0,1.4,200.0,37.0,1.2952431202384564
2800,246,1012.2,81.0,67.0,2.4,60.0,24.4,1.7782646405951166
2801,247,1010.6,77.0,56.0,7.3,80.0,12.8,1.45860301880323
2802,248,1009.9,81.0,83.0,3.1,240.0,37.7,1.7271266180315128
2803,249,1008.5,81.0,80.0,5.6,80.0,39.5,1.8378413363317005
2804,250,1006.6,84.0,88.0,3.3,230.0,20.9,2.1443950707079336
2805,251,1007.7,81.0,88.0,2.4,220.0,9.6,1.8633683226680384
2806,252,1005.7,84.0,56.0,9.1,220.0,11.9,1.2831900056923398
2807,253,1009.1,74.0,48.0,9.5,70.0,13.4,1.7867123333650454
2808,254,1006.2,81.0,88.0,3.0,160.0,10.2,1.9819570385025371
2809,255,1008.1,87.0,85.0,0.6,230.0,25.1,1.5367534083590615
2810,256,1009.1,75.0,46.0,10.0,20.0,9.0,1.0398283820409542
2811,257,1005.2,92.0,88.0,0.6,220.0,38.0,1.4206870032995047
2812,258,1011.0,81.0,91.0,1.6,20.0,12.8,1.8388136622042208
2813,259,1005.4,91.0,88.0,0.6,220.0,22.6,1.103772124386039
2814,260,1005.7,93.0,88.0,0.2,200.0,35.6,1.296978861564231
2815,261,1014.6,75.0,55.0,4.0,300.0,20.0,1.7193574738180952
2816,262,1008.8,79.0,60.0,6.0,70.0,40.0,1.5890749587810475
2817,263,1013.0,76.0,46.0,11.0,240.0,10.7,0.5324148036479144
2818,264,1016.8,78.0,47.0,8.6,60.0,14.5,1.231692697284845
2819,265,1018.7,90.0,69.0,3.2,20.0,9.5,1.7871070002076637
2820,266,1012.7,75.0,51.0,8.5,110.0,15.8,1.154084015480757
2821,267,1016.8,87.0,84.0,3.1,70.0,28.6,0.9215387252682179
2822,268,1018.1,76.0,43.0,9.4,110.0,34.8,0.8794897146355274
2823,269,1006.9,92.0,88.0,0.0,220.0,22.9,0.37138401323201775
2824,270,1012.6,90.0,88.0,0.3,10.0,40.8,0.5094303612370528
2825,271,1013.7,86.0,72.0,5.0,120.0,44.7,-0.03224561466079524
2826,272,1015.9,70.0,38.0,8.6,200.0,20.8,1.2850724140912209
2827,273,1016.9,89.0,86.0,1.4,90.0,39.5,0.9617374715952145
2828,274,1016.8,78.0,53.0,10.1,20.0,43.8,0.6640346154828224
2829,275,1011.2,87.0,88.0,0.6,120.0,40.0,0.8125190855493236
2830,276,1012.2,71.0,28.0,7.6,10.0,10.7,0.643049366517681
2831,277,1011.3,86.0,84.0,0.6,50.0,9.5,-0.37312593711825004
2832,278,1017.9,81.0,78.0,3.5,70.0,20.5,0.9845242171403947
2833,279,1017.9,84.0,61.0,4.6,210.0,11.9,1.1057196674767833
2834,280,1012.0,76.0,49.0,9.5,10.0,11.1,0.8134475811056008
2835,281,1018.9,82.0,85.0,2.6,20.0,20.5,0.12757858117633986
2836,282,1011.3,75.0,56.0,6.0,40.0,9.0,-0.9686506976802871
2837,283,1014.9,83.0,83.0,1.0,70.0,15.7,0.48443371248956063
2838,284,1013.4,81.0,84.0,3.8,80.0,39.7,0.14973133536999714
2839,285,1018.1,82.0,81.0,3.1,30.0,13.0,0.08190539140120319
2840,286,1013.2,61.0,20.0,8.8,60.0,9.1,0.5485906733845383
2841,287,1018.9,73.0,47.0,5.7,50.0,20.5,0.2289421828768143
2842,288,1014.8,70.0,69.0,5.7,40.0,35.1,0.3519870510134065
2843,289,1010.4,80.0,82.0,2.5,80.0,11.7,0.7518418393967053
2844,290,1013.3,76.0,60.0,2.4,40.0,16.9,0.6662890671737378
2845,291,1016.5,85.0,85.0,1.0,30.0,24.5,0.2207528569244909
2846,292,1010.6,82.0,87.0,2.8,70.0,20.2,1.097696268132974
2847,293,1013.5,82.0,81.0,8.0,20.0,28.5,0.7963465798278759
2848,294,1020.6,82.0,88.0,1.8,80.0,22.0,0.5161437294661295
2849,295,1016.5,77.0,88.0,3.5,50.0,12.5,-0.2681658356285766
2850,296,1015.2,84.0,83.0,6.5,80.0,41.3,-0.2240659724788059
2851,297,1018.2,87.0,88.0,0.6,70.0,15.9,0.12361113881986957
2852,298,1018.4,86.0,88.0,3.5,70.0,14.5,-0.14230789907986774
2853,299,1018.6,89.0,88.0,0.1,70.0,28.3,0.1632320990073279
2854,300,1017.8,89.0,88.0,0.0,40.0,27.3,-0.1405419018918076
2855,301,1015.8,90.0,81.0,0.3,80.0,30.5,-0.11996744123260472
2856,302,1014.5,87.0,88.0,2.5,70.0,31.9,-0.03357924294123769
2857,303,1016.5,93.0,88.0,1.3,80.0,13.0,0.7167771941492049
2858,304,1019.1,80.0,75.0,1.0,60.0,21.3,0.6137193603729276
2859,305,1017.0,81.0,88.0,1.1,80.0,31.9,0.10973713233228716
2860,306,1015.0,81.0,69.0,5.9,70.0,16.5,0.44649762044461444
2861,307,1016.2,87.0,84.0,1.2,90.0,15.1,0.6288837853871101
2862,308,1014.7,89.0,82.0,2.2,70.0,30.2,0.1915242707516783
2863,309,1014.4,93.0,81.0,0.3,40.0,16.0,-0.666104124289555
2864,310,1017.5,80.0,83.0,0.0,70.0,32.9,-1.071776903053968
2865,311,1016.9,74.0,81.0,4.7,20.0,30.2,-1.398286372979327
2866,312,1016.8,89.0,88.0,1.0,20.0,23.3,-1.6669552918295703
2867,313,1014.5,91.0,84.0,2.6,50.0,33.5,-1.1406359994565198
2868,314,1014.3,76.0,88.0,0.7,70.0,25.0,-1.7085931403203043
2869,315,1016.8,75.0,46.0,6.0,70.0,28.0,-1.0016181425847788
2870,316,1017.1,76.0,49.0,7.7,20.0,9.1,-1.0312916378866468
2871,317,1018.7,82.0,89.0,0.0,70.0,20.5,-1.6480609878465575
2872,318,1014.5,92.0,91.0,0.0,50.0,39.7,-1.3386350502844582
2873,319,1020.8,84.0,90.0,0.4,50.0,16.0,-1.9516217701958003
2874,320,1017.7,79.0,93.0,0.0,10.0,21.9,-2.3409993471673873
2875,321,1022.7,85.0,90.0,0.0,70.0,28.0,-2.243238776843052
2876,322,1017.0,76.0,49.0,8.6,70.0,29.8,-0.9397731652605545
2877,323,1018.6,95.0,91.0,0.0,60.0,19.3,-2.1208446508000875
2878,324,1015.6,90.0,91.0,3.4,60.0,22.0,-2.2820417503768993
2879,325,1019.9,79.0,95.0,0.0,60.0,27.1,-2.0910389758768044
2880,326,1017.2,92.0,77.0,0.0,50.0,20.5,-1.804251955444622
2881,327,1016.4,95.0,91.0,0.0,60.0,38.3,-2.107833915059848
2882,328,1015.9,90.0,88.0,1.8,40.0,35.3,-1.2093392907957632
2883,329,1017.1,85.0,88.0,1.0,20.0,26.4,-2.1504158102907476
2884,330,1021.9,78.0,69.0,5.1,30.0,31.9,-2.8406970050962213
2885,331,1020.8,79.0,94.0,0.0,70.0,43.8,-3.8934983696623657
2886,332,1024.1,75.0,91.0,0.3,10.0,28.3,-3.868282973892845
2887,333,1024.1,79.0,78.0,3.9,70.0,46.3,-3.593772722938543
2888,334,1019.7,95.0,93.0,0.0,50.0,19.4,-2.7952768708932596
2889,335,1021.4,75.0,49.0,8.1,10.0,35.3,-2.8019374880425976
2890,336,1022.2,59.0,89.0,0.0,20.0,23.5,-3.941651889516496
2891,337,1022.5,95.0,95.0,0.0,20.0,27.9,-3.6847213270737877
2892,338,1020.3,78.0,77.0,0.1,60.0,24.2,-2.693471536351877
2893,339,1026.4,75.0,51.0,8.8,20.0,25.0,-2.5720988482434306
2894,340,1023.9,75.0,49.0,8.4,20.0,33.2,-2.9735106540617466
2895,341,1025.9,79.0,79.0,3.3,40.0,15.4,-2.367457622795747
2896,342,1018.9,83.0,83.0,2.7,60.0,12.4,-2.716365456284224
2897,343,1025.9,68.0,53.0,9.1,50.0,28.4,-3.020616443913358
2898,344,1022.8,78.0,20.0,9.1,20.0,33.2,-3.2330110746635423
2899,345,1020.4,75.0,89.0,2.2,60.0,22.5,-2.6418921252837078
2900,346,1020.1,72.0,49.0,9.3,60.0,18.0,-2.8469010858928003
2901,347,1023.3,91.0,88.0,0.6,70.0,30.6,-3.4237699020819865
2902,348,1016.8,76.0,43.0,9.1,70.0,28.5,-1.8521414233996976
2903,349,1019.7,74.0,71.0,6.8,30.0,26.8,-1.7869767556334728
2904,350,1017.0,91.0,90.0,0.0,20.0,26.4,-1.3092641346688418
2905,351,1020.4,82.0,89.0,0.0,20.0,28.2,-2.2656663931536536
2906,352,1019.0,79.0,74.0,0.0,40.0,14.6,-0.852416005111844
2907,353,1018.6,81.0,88.0,0.4,20.0,24.9,-1.494150676731875
2908,354,1019.9,95.0,91.0,0.0,40.0,13.0,-1.4147135371668618
2909,355,1022.9,79.0,89.0,2.1,40.0,35.8,-1.6380872516762588
2910,356,1023.6,77.0,80.0,3.8,50.0,14.2,-1.5598096406917172
2911,357,1020.6,75.0,91.0,0.6,40.0,22.5,-1.8916342861532784
2912,358,1020.2,85.0,84.0,0.2,70.0,23.5,-1.9241372180569654
2913,359,1016.4,91.0,89.0,0.0,50.0,25.9,-2.781510638571952
2914,360,1018.0,97.0,95.0,0.0,50.0,28.2,-2.3740427664813093
2915,361,1020.8,96.0,95.0,0.0,20.0,34.3,-2.487595723753559
2916,362,1011.7,78.0,80.0,1.6,40.0,25.2,-1.8357262291541683
2917,363,1022.7,92.0,96.0,0.0,50.0,21.9,-2.2493796406783444
2918,364,1014.4,94.0,93.0,0.0,50.0,39.5,-1.8111844445317469
2919,365,1020.9,79.0,89.0,0.2,60.0,50.6,-1.5909363135569352
